id;start_date;end_date;language
1;2025-02-13T05:51:55;2025-02-13T11:42:50;SPANISH
2;2025-02-13T04:25:29;2025-02-13T01:45:01;FRENCH
3;2025-02-13T09:50:07;2025-02-13T10:57:31;FRENCH
4;2025-02-12T15:44:47;2025-02-12T19:49:01;SPANISH
5;2025-02-13T10:57:41;2025-02-13T02:27:30;FRENCH
6;2025-02-12T19:25:48;2025-02-12T18:31:26;ENGLISH
7;2025-02-13T06:00:05;2025-02-13T00:59:54;ENGLISH
8;2025-02-13T12:39:13;2025-02-13T14:55:23;ENGLISH
9;2025-02-13T08:25:34;2025-02-13T13:43:35;SPANISH
10;2025-02-13T08:43:03;2025-02-13T05:14:30;FRENCH
